timestamp,model_id,block,total_blocks,layer,rank,cost_per_rank,binary_bits,pre_quant_loss,post_quant_loss,quant_jump,normalized_jump,final_tuned_loss,residual_jump,normalized_residual_jump,utility_per_bit
2026-07-11 11:19:53,google/gemma-3-4b-it,1,34,mlp.gate_proj,2208,12816,28297728,0.0,16.748323440551758,16.748323440551758,0.0,2.380356550216675,2.380356550216675,0.0,0.0
2026-07-11 11:22:14,google/gemma-3-4b-it,1,34,mlp.up_proj,2176,12816,27887616,4.560632228851318,17.2952823638916,12.734650135040283,2.792299290102536,6.803816318511963,2.2431840896606445,0.49185814095464414,1.7637152668576767e-08
2026-07-11 11:24:10,google/gemma-3-4b-it,1,34,mlp.down_proj,1792,12816,22966272,5.299342632293701,12.687615394592285,7.388272762298584,1.3941866519962565,7.742282867431641,2.4429402351379395,0.46098929709713216,2.007244785297031e-08
2026-07-11 11:25:38,google/gemma-3-4b-it,1,34,self_attn.v_proj,704,3600,2534400,8.306177139282227,11.305171966552734,2.998994827270508,0.36105596798404715,8.577754974365234,0.2715778350830078,0.03269588771453483,1.2900839533828452e-08
2026-07-11 11:27:06,google/gemma-3-4b-it,1,34,self_attn.o_proj,1056,4624,4882944,7.3773417472839355,9.148306846618652,1.7709650993347168,0.2400546375646378,7.626544952392578,0.24920320510864258,0.03377953924940375,6.917863331916924e-09
2026-07-11 11:28:45,google/gemma-3-4b-it,1,34,self_attn.q_proj,960,4624,4439040,7.06965970993042,8.450785636901855,1.3811259269714355,0.19535960479560743,7.060456275939941,-0.009203433990478516,-0.0013018213560620016,0.0
2026-07-11 11:30:24,google/gemma-3-4b-it,1,34,self_attn.k_proj,608,3600,2188800,7.629514217376709,19.987760543823242,12.358246326446533,1.6197946519713973,9.044044494628906,1.4145302772521973,0.18540240399978725,8.47050456870373e-08
2026-07-11 11:34:16,google/gemma-3-4b-it,2,34,mlp.gate_proj,2208,12816,28297728,25.59560203552246,53.913246154785156,28.317644119262695,1.106348039009299,30.929014205932617,5.333412170410156,0.20837221031207873,7.363566796319433e-09
2026-07-11 11:36:39,google/gemma-3-4b-it,2,34,mlp.up_proj,2208,12816,28297728,24.75985336303711,37.411922454833984,12.652069091796875,0.5109912771407843,29.227994918823242,4.468141555786133,0.18045912834267525,6.377159620117744e-09
2026-07-11 11:38:35,google/gemma-3-4b-it,2,34,mlp.down_proj,1792,12816,22966272,25.391357421875,34.43893051147461,9.04757308959961,0.3563249076949703,29.751920700073242,4.360563278198242,0.17173415370229705,7.477667847106272e-09
2026-07-11 11:40:03,google/gemma-3-4b-it,2,34,self_attn.v_proj,768,3600,2764800,29.237356185913086,35.429107666015625,6.191751480102539,0.21177535481425644,31.804410934448242,2.5670547485351562,0.0878005087810229,3.1756549761654696e-08
2026-07-11 11:41:32,google/gemma-3-4b-it,2,34,self_attn.o_proj,1024,4624,4734976,29.846759796142578,34.15312576293945,4.306365966796875,0.14428252836187042,31.1848201751709,1.3380603790283203,0.044831009736649954,9.468054270317305e-09
2026-07-11 11:43:11,google/gemma-3-4b-it,2,34,self_attn.q_proj,960,4624,4439040,30.219289779663086,36.297454833984375,6.078165054321289,0.2011352714983977,32.03028869628906,1.8109989166259766,0.05992857310116993,1.3500345367730395e-08
2026-07-11 11:44:47,google/gemma-3-4b-it,2,34,self_attn.k_proj,608,3600,2188800,31.341638565063477,37.51081466674805,6.16917610168457,0.19683642541144453,34.60150146484375,3.2598628997802734,0.10401060853959443,4.751946662079424e-08
2026-07-11 11:48:34,google/gemma-3-4b-it,3,34,mlp.gate_proj,2016,12816,25837056,20.83832550048828,121.44891357421875,100.61058807373047,4.828151286502026,27.498380661010742,6.660055160522461,0.31960606241448736,1.2370065011063465e-08
2026-07-11 11:50:47,google/gemma-3-4b-it,3,34,mlp.up_proj,1888,12816,24196608,21.1395206451416,41.75069808959961,20.611177444458008,0.9750068504602056,26.151382446289062,5.011861801147461,0.23708493136050907,9.798271367644137e-09
2026-07-11 11:52:42,google/gemma-3-4b-it,3,34,mlp.down_proj,1792,12816,22966272,21.946435928344727,32.946380615234375,10.999944686889648,0.5012178160866096,25.576425552368164,3.6299896240234375,0.1654022382438488,7.2019628716340556e-09
2026-07-11 11:54:06,google/gemma-3-4b-it,3,34,self_attn.v_proj,768,3600,2764800,25.029735565185547,33.67271423339844,8.64297866821289,0.34530842907643877,28.305118560791016,3.2753829956054688,0.13085967237150026,4.733061066677527e-08
2026-07-11 11:55:32,google/gemma-3-4b-it,3,34,self_attn.o_proj,960,4624,4439040,25.90156364440918,33.436344146728516,7.534780502319336,0.2909006037535386,28.6597843170166,2.758220672607422,0.10648857769645811,2.3989100728188553e-08
2026-07-11 11:57:11,google/gemma-3-4b-it,3,34,self_attn.q_proj,960,4624,4439040,26.883474349975586,33.53525161743164,6.651777267456055,0.247429970578267,29.390369415283203,2.506895065307617,0.09325041222991677,2.1006887126477068e-08
2026-07-11 11:58:45,google/gemma-3-4b-it,3,34,self_attn.k_proj,608,3600,2188800,28.477127075195312,35.945281982421875,7.4681549072265625,0.2622509948951844,31.8131103515625,3.3359832763671875,0.11714606138317088,5.3520678629007166e-08
2026-07-11 12:02:39,google/gemma-3-4b-it,4,34,mlp.gate_proj,2208,12816,28297728,18.529661178588867,135.9834442138672,117.45378303527832,6.338690270872133,26.92063331604004,8.390972137451172,0.4528400199323121,1.600269887152467e-08
2026-07-11 12:05:03,google/gemma-3-4b-it,4,34,mlp.up_proj,2208,12816,28297728,18.269336700439453,38.00592041015625,19.736583709716797,1.0803120021999513,23.063095092773438,4.793758392333984,0.26239367476426634,9.272605728780287e-09
2026-07-11 12:07:00,google/gemma-3-4b-it,4,34,mlp.down_proj,1792,12816,22966272,18.095529556274414,29.200674057006836,11.105144500732422,0.6136954691597761,20.79308319091797,2.6975536346435547,0.1490729313145859,6.490950351654196e-09
2026-07-11 12:08:28,google/gemma-3-4b-it,4,34,self_attn.v_proj,768,3600,2764800,19.629352569580078,33.05739974975586,13.428047180175781,0.6840799834114468,24.468753814697266,4.8394012451171875,0.2465390148739233,8.917065063437619e-08
2026-07-11 12:09:56,google/gemma-3-4b-it,4,34,self_attn.o_proj,960,4624,4439040,21.040983200073242,39.49030685424805,18.449323654174805,0.8768280207604835,26.066740036010742,5.0257568359375,0.2388556080364156,5.380794226598895e-08
2026-07-11 12:11:36,google/gemma-3-4b-it,4,34,self_attn.q_proj,960,4624,4439040,22.41697883605957,28.404752731323242,5.987773895263672,0.2671088704260112,25.341642379760742,2.924663543701172,0.130466445326549,2.939068927663391e-08
2026-07-11 12:13:13,google/gemma-3-4b-it,4,34,self_attn.k_proj,608,3600,2188800,24.174470901489258,30.112165451049805,5.937694549560547,0.24561838700654903,27.52597427368164,3.351503372192383,0.13863812721485105,6.333978765298384e-08
2026-07-11 12:16:58,google/gemma-3-4b-it,5,34,mlp.gate_proj,1952,12816,25016832,1698.505126953125,12776.3193359375,11077.814208984375,6.522096420666323,2608.816162109375,910.31103515625,0.5359483587719382,2.1423510329842653e-08
2026-07-11 12:19:19,google/gemma-3-4b-it,5,34,mlp.up_proj,2144,12816,27477504,1707.8309326171875,4946.16162109375,3238.3306884765625,1.8961658479355101,2266.746337890625,558.9154052734375,0.32726623847766967,1.191033357606534e-08
2026-07-11 12:21:13,google/gemma-3-4b-it,5,34,mlp.down_proj,1792,12816,22966272,2043.3460693359375,10844.33203125,8800.985961914062,4.307144097609601,2147.066162109375,103.7200927734375,0.05075992477727733,2.2101943570675e-09
2026-07-11 12:22:41,google/gemma-3-4b-it,5,34,self_attn.v_proj,768,3600,2764800,2308.126220703125,2869.410888671875,561.28466796875,0.24317763167985057,2351.474609375,43.348388671875,0.01878077042886752,6.7928133784966435e-09
2026-07-11 12:24:08,google/gemma-3-4b-it,5,34,self_attn.o_proj,960,4624,4439040,1955.2156982421875,2672.73974609375,717.5240478515625,0.36697948389870416,2125.919677734375,170.7039794921875,0.08730698083370382,1.9667986959726386e-08
2026-07-11 12:25:46,google/gemma-3-4b-it,5,34,self_attn.q_proj,960,4624,4439040,1946.8333740234375,2270.287353515625,323.4539794921875,0.1661436380781366,2077.510498046875,130.6771240234375,0.06712291137344367,1.5121042246396445e-08
2026-07-11 12:27:22,google/gemma-3-4b-it,5,34,self_attn.k_proj,608,3600,2188800,1998.5223388671875,2648.449951171875,649.9276123046875,0.3252040768646513,2158.212890625,159.6905517578125,0.07990431162672372,3.6505990326536786e-08
2026-07-11 12:31:05,google/gemma-3-4b-it,6,34,mlp.gate_proj,1888,12816,24196608,1192.69140625,7086.13525390625,5893.44384765625,4.941298157069915,1629.4100341796875,436.7186279296875,0.36616229951953466,1.513279462640113e-08
2026-07-11 12:33:14,google/gemma-3-4b-it,6,34,mlp.up_proj,1792,12816,22966272,1247.3370361328125,3209.776611328125,1962.4395751953125,1.5733033801991254,1598.546630859375,351.2095947265625,0.2815675190848473,1.226004460300946e-08
2026-07-11 12:35:09,google/gemma-3-4b-it,6,34,mlp.down_proj,1792,12816,22966272,1330.5367431640625,2922.7265625,1592.1898193359375,1.1966522739910623,1366.086181640625,35.5494384765625,0.026718118578239865,1.1633633259346517e-09
2026-07-11 12:36:33,google/gemma-3-4b-it,6,34,self_attn.v_proj,768,3600,2764800,1322.852783203125,1793.9598388671875,471.1070556640625,0.3561296174796827,1463.46826171875,140.615478515625,0.10629714833055115,3.8446595895019945e-08
2026-07-11 12:38:00,google/gemma-3-4b-it,6,34,self_attn.o_proj,960,4624,4439040,1328.415283203125,2109.766357421875,781.35107421875,0.5881828401843788,1432.4127197265625,103.9974365234375,0.07828684135030047,1.763598466116558e-08
2026-07-11 12:39:39,google/gemma-3-4b-it,6,34,self_attn.q_proj,960,4624,4439040,1195.19140625,1512.7706298828125,317.5792236328125,0.2657141123773977,1349.8621826171875,154.6707763671875,0.1294108839457592,2.9152898812752125e-08
2026-07-11 12:41:12,google/gemma-3-4b-it,6,34,self_attn.k_proj,608,3600,2188800,1297.481201171875,1721.6199951171875,424.1387939453125,0.32689398009176057,1477.57470703125,180.093505859375,0.1388024009108694,6.341483959743668e-08
2026-07-11 12:45:04,google/gemma-3-4b-it,7,34,mlp.gate_proj,2176,12816,27887616,531.1640014648438,1450.9010009765625,919.7369995117188,1.7315499487451496,627.6620483398438,96.498046875,0.1816727914709539,6.514461166955035e-09
2026-07-11 12:47:27,google/gemma-3-4b-it,7,34,mlp.up_proj,2144,12816,27477504,489.4112854003906,933.1261596679688,443.7148742675781,0.90662983773366,559.8181762695312,70.40689086914062,0.14386037463672355,5.23556923644606e-09
2026-07-11 12:49:23,google/gemma-3-4b-it,7,34,mlp.down_proj,1792,12816,22966272,458.2752380371094,697.7838745117188,239.50863647460938,0.5226305429472383,475.6276550292969,17.3524169921875,0.03786461836016191,1.6487054738427687e-09
2026-07-11 12:50:55,google/gemma-3-4b-it,7,34,self_attn.v_proj,768,3600,2764800,463.7962341308594,597.2174682617188,133.42123413085938,0.2876720945802565,518.0054931640625,54.209259033203125,0.11688162827537765,4.2274894486175364e-08
2026-07-11 12:52:23,google/gemma-3-4b-it,7,34,self_attn.o_proj,960,4624,4439040,447.5248718261719,652.2945556640625,204.76968383789062,0.4575604546900524,519.0578002929688,71.53292846679688,0.15984123558295052,3.6008063811758966e-08
2026-07-11 12:54:03,google/gemma-3-4b-it,7,34,self_attn.q_proj,960,4624,4439040,465.17529296875,576.4253540039062,111.25006103515625,0.23915728697704053,509.6485290527344,44.473236083984375,0.09560532718785655,2.1537388081174434e-08
2026-07-11 12:55:40,google/gemma-3-4b-it,7,34,self_attn.k_proj,608,3600,2188800,488.6448669433594,592.0158081054688,103.37094116210938,0.2115461517251372,539.95654296875,51.311676025390625,0.10500811426990463,4.7975198405475434e-08
2026-07-11 12:59:36,google/gemma-3-4b-it,8,34,mlp.gate_proj,2208,12816,28297728,1153.5599365234375,1915.1302490234375,761.5703125,0.6601913679450385,1277.6883544921875,124.12841796875,0.10760465411346055,3.802589879776233e-09
2026-07-11 13:02:03,google/gemma-3-4b-it,8,34,mlp.up_proj,2208,12816,28297728,1043.36181640625,1982.162353515625,938.800537109375,0.8997842573374735,1178.755859375,135.39404296875,0.1297671055618084,4.5857782491162685e-09
2026-07-11 13:03:59,google/gemma-3-4b-it,8,34,mlp.down_proj,1792,12816,22966272,1024.8070068359375,1273.92333984375,249.1163330078125,0.24308609459741312,1062.3729248046875,37.56591796875,0.036656577988019134,1.5961048440086024e-09
2026-07-11 13:05:27,google/gemma-3-4b-it,8,34,self_attn.v_proj,768,3600,2764800,1013.1332397460938,1185.9892578125,172.85601806640625,0.17061528660309924,1083.1827392578125,70.04949951171875,0.06914144829487008,2.500775762979965e-08
2026-07-11 13:06:57,google/gemma-3-4b-it,8,34,self_attn.o_proj,960,4624,4439040,998.0313720703125,1226.6942138671875,228.662841796875,0.22911388178363337,1098.3045654296875,100.273193359375,0.1004709833433078,2.263349358043807e-08
2026-07-11 13:08:40,google/gemma-3-4b-it,8,34,self_attn.q_proj,960,4624,4439040,1023.5031127929688,1224.4876708984375,200.98455810546875,0.19636926902646687,1092.9061279296875,69.40301513671875,0.06780928584313685,1.5275664522765474e-08
2026-07-11 13:10:15,google/gemma-3-4b-it,8,34,self_attn.k_proj,608,3600,2188800,1054.32275390625,1245.1121826171875,190.7894287109375,0.18095922525058433,1147.2735595703125,92.9508056640625,0.08816162348738198,4.027851950264162e-08
2026-07-11 13:14:14,google/gemma-3-4b-it,9,34,mlp.gate_proj,2208,12816,28297728,1701.2554931640625,2562.36474609375,861.1092529296875,0.506161041883346,1831.740478515625,130.4849853515625,0.07669922940785416,2.710437721638082e-09
2026-07-11 13:16:44,google/gemma-3-4b-it,9,34,mlp.up_proj,2208,12816,28297728,1540.1834716796875,2688.993408203125,1148.8099365234375,0.7458916146337895,1694.384765625,154.2012939453125,0.10011878245722519,3.5380502087384963e-09
2026-07-11 13:18:41,google/gemma-3-4b-it,9,34,mlp.down_proj,1792,12816,22966272,1527.306640625,1981.3641357421875,454.0574951171875,0.29729294893354186,1595.343505859375,68.036865234375,0.04454695830205593,1.939668671609216e-09
2026-07-11 13:20:08,google/gemma-3-4b-it,9,34,self_attn.v_proj,608,3600,2188800,1559.1365966796875,1953.1585693359375,394.02197265625,0.2527180578631487,1716.6282958984375,157.49169921875,0.10101212398845734,4.614954495086684e-08
2026-07-11 13:21:38,google/gemma-3-4b-it,9,34,self_attn.o_proj,960,4624,4439040,1607.8619384765625,1904.3837890625,296.5218505859375,0.18441997007957647,1752.646484375,144.7845458984375,0.09004787191841844,2.0285438274586045e-08
2026-07-11 13:23:19,google/gemma-3-4b-it,9,34,self_attn.q_proj,960,4624,4439040,1685.0416259765625,1955.8072509765625,270.765625,0.16068779597244567,1796.3525390625,111.3109130859375,0.06605825717891538,1.4881203408600819e-08
2026-07-11 13:24:57,google/gemma-3-4b-it,9,34,self_attn.k_proj,608,3600,2188800,1734.4830322265625,2029.1243896484375,294.641357421875,0.1698727240033261,1873.5601806640625,139.0771484375,0.08018363157981784,3.66336036092004e-08
2026-07-11 13:28:43,google/gemma-3-4b-it,10,34,mlp.gate_proj,1792,12816,22966272,6086.3017578125,9189.287109375,3102.9853515625,0.5098310065844903,6699.57373046875,613.27197265625,0.10076266295358124,4.387419209943227e-09
2026-07-11 13:30:55,google/gemma-3-4b-it,10,34,mlp.up_proj,1824,12816,23376384,5565.802734375,11324.765625,5758.962890625,1.034704815364192,6342.62060546875,776.81787109375,0.13956978142542473,5.970546232703258e-09
2026-07-11 13:32:52,google/gemma-3-4b-it,10,34,mlp.down_proj,1792,12816,22966272,5531.982421875,6708.00390625,1176.021484375,0.21258590405578356,5684.4072265625,152.4248046875,0.02755337834855907,1.1997323008522703e-09
2026-07-11 13:34:15,google/gemma-3-4b-it,10,34,self_attn.v_proj,608,3600,2188800,5469.92578125,6058.26318359375,588.33740234375,0.10755857133573425,5770.0966796875,300.1708984375,0.054876594389349144,2.5071543489285976e-08
2026-07-11 13:35:41,google/gemma-3-4b-it,10,34,self_attn.o_proj,960,4624,4439040,5394.80615234375,6030.82958984375,636.0234375,0.11789551274677078,5725.53173828125,330.7255859375,0.06130444293977416,1.3810292977710082e-08
2026-07-11 13:37:20,google/gemma-3-4b-it,10,34,self_attn.q_proj,960,4624,4439040,5334.10107421875,6196.96826171875,862.8671875,0.16176431145455533,5889.04052734375,554.939453125,0.10403617130676104,2.3436637495215417e-08
2026-07-11 13:38:55,google/gemma-3-4b-it,10,34,self_attn.k_proj,608,3600,2188800,5724.62060546875,6458.67626953125,734.0556640625,0.12822782759808643,6138.44287109375,413.822265625,0.07228815569536157,3.3026386922222935e-08
2026-07-11 13:42:49,google/gemma-3-4b-it,11,34,mlp.gate_proj,2144,12816,27477504,39602.0625,50599.70703125,10997.64453125,0.2777038325024107,41660.81640625,2058.75390625,0.051986027400719344,1.89194867920752e-09
2026-07-11 13:45:11,google/gemma-3-4b-it,11,34,mlp.up_proj,1984,12816,25426944,36179.49609375,64545.0390625,28365.54296875,0.7840226103549889,39507.99609375,3328.5,0.09199962297360459,3.6181942656421703e-09
2026-07-11 13:47:07,google/gemma-3-4b-it,11,34,mlp.down_proj,1792,12816,22966272,36146.60546875,47822.09765625,11675.4921875,0.32300383496851093,37909.94921875,1763.34375,0.04878310776718638,2.1241195683472868e-09
2026-07-11 13:48:33,google/gemma-3-4b-it,11,34,self_attn.v_proj,608,3600,2188800,37248.21484375,41542.33984375,4294.125,0.11528404832320509,39555.62109375,2307.40625,0.06194676066166342,2.8301699863698566e-08
2026-07-11 13:50:01,google/gemma-3-4b-it,11,34,self_attn.o_proj,960,4624,4439040,37548.51953125,43866.40625,6317.88671875,0.1682592762010736,39665.10546875,2116.5859375,0.05636935793802623,1.2698546969170412e-08
2026-07-11 13:51:43,google/gemma-3-4b-it,11,34,self_attn.q_proj,960,4624,4439040,38250.8046875,41347.74609375,3096.94140625,0.0809640851101376,39700.3671875,1449.5625,0.03789626157783037,8.537039895524791e-09
2026-07-11 13:53:20,google/gemma-3-4b-it,11,34,self_attn.k_proj,608,3600,2188800,38935.08984375,41583.6484375,2648.55859375,0.06802497706770172,40514.36328125,1579.2734375,0.04056170009720706,1.8531478480083636e-08
2026-07-11 13:57:03,google/gemma-3-4b-it,12,34,mlp.gate_proj,1792,12816,22966272,34414.3828125,41083.71484375,6669.33203125,0.19379490451961742,35337.18359375,922.80078125,0.02681439287398233,1.167555312154377e-09
2026-07-11 13:59:15,google/gemma-3-4b-it,12,34,mlp.up_proj,1792,12816,22966272,31290.625,44468.46484375,13177.83984375,0.42114338859482675,32749.669921875,1459.044921875,0.04662882003395586,2.030317329427948e-09
2026-07-11 14:01:10,google/gemma-3-4b-it,12,34,mlp.down_proj,1792,12816,22966272,29368.041015625,32298.509765625,2930.46875,0.09978427735240736,30119.162109375,751.12109375,0.025576138815332383,1.1136391145821309e-09
2026-07-11 14:02:35,google/gemma-3-4b-it,12,34,self_attn.v_proj,608,3600,2188800,29128.248046875,32440.84375,3312.595703125,0.11372450886143799,30573.083984375,1444.8359375,0.049602569134088656,2.2661992477196937e-08
2026-07-11 14:04:01,google/gemma-3-4b-it,12,34,self_attn.o_proj,960,4624,4439040,29115.71875,33834.87890625,4719.16015625,0.1620829008815041,30172.197265625,1056.478515625,0.036285503534924754,8.174178095922712e-09
2026-07-11 14:05:39,google/gemma-3-4b-it,12,34,self_attn.q_proj,960,4624,4439040,28512.92578125,33172.8046875,4659.87890625,0.1634304014256692,30932.123046875,2419.197265625,0.08484563401823378,1.911350968187576e-08
2026-07-11 14:07:13,google/gemma-3-4b-it,12,34,self_attn.k_proj,608,3600,2188800,30184.587890625,33948.37109375,3763.783203125,0.1246922176563487,32592.177734375,2407.58984375,0.07976222343912705,3.644107430515673e-08
2026-07-11 14:10:58,google/gemma-3-4b-it,13,34,mlp.gate_proj,1888,12816,24196608,6112.642578125,6911.68115234375,799.03857421875,0.130719008024161,6173.77685546875,61.13427734375,0.010001284479241122,4.1333415325160955e-10
2026-07-11 14:13:20,google/gemma-3-4b-it,13,34,mlp.up_proj,1952,12816,25016832,5579.27392578125,7305.125,1725.85107421875,0.30933255781612906,5828.580078125,249.30615234375,0.044684336288227745,1.786170858413557e-09
2026-07-11 14:15:24,google/gemma-3-4b-it,13,34,mlp.down_proj,1792,12816,22966272,5402.07958984375,5868.5869140625,466.50732421875,0.08635698835237696,5497.943359375,95.86376953125,0.017745715874212576,7.726859576605457e-10
2026-07-11 14:16:56,google/gemma-3-4b-it,13,34,self_attn.v_proj,608,3600,2188800,5376.494140625,5718.34375,341.849609375,0.06358225275314093,5464.87841796875,88.38427734375,0.01643901677041084,7.51051570285583e-09
2026-07-11 14:18:26,google/gemma-3-4b-it,13,34,self_attn.o_proj,960,4624,4439040,5253.8984375,5632.14404296875,378.24560546875,0.0719933226666508,5390.68505859375,136.78662109375,0.02603526176247102,5.865065816588952e-09
2026-07-11 14:20:15,google/gemma-3-4b-it,13,34,self_attn.q_proj,960,4624,4439040,5196.96240234375,5822.6787109375,625.71630859375,0.12040039164254134,5510.66748046875,313.705078125,0.06036316098487144,1.3598246689570592e-08
2026-07-11 14:22:01,google/gemma-3-4b-it,13,34,self_attn.k_proj,608,3600,2188800,5421.61376953125,5758.85107421875,337.2373046875,0.062202384570942494,5616.59521484375,194.9814453125,0.0359637284397258,1.643079698452385e-08
2026-07-11 14:26:01,google/gemma-3-4b-it,14,34,mlp.gate_proj,1920,12816,24606720,4273.482421875,4807.181640625,533.69921875,0.12488625576604999,4253.638671875,-19.84375,-0.004643461243323311,0.0
2026-07-11 14:28:19,google/gemma-3-4b-it,14,34,mlp.up_proj,1792,12816,22966272,3640.947021484375,5057.80517578125,1416.858154296875,0.3891455014138704,3818.751220703125,177.80419921875,0.048834602143225124,2.126361742263835e-09
2026-07-11 14:30:21,google/gemma-3-4b-it,14,34,mlp.down_proj,1792,12816,22966272,3348.839111328125,3633.57080078125,284.731689453125,0.08502399786539835,3410.406005859375,61.56689453125,0.018384548341838083,8.005020728587592e-10
2026-07-11 14:31:54,google/gemma-3-4b-it,14,34,self_attn.v_proj,640,3600,2304000,3271.932373046875,3679.620361328125,407.68798828125,0.12460159373697706,3458.856201171875,186.923828125,0.05712949010340748,2.4795785635159498e-08
2026-07-11 14:33:28,google/gemma-3-4b-it,14,34,self_attn.o_proj,960,4624,4439040,3255.047119140625,3688.630615234375,433.58349609375,0.13320344690070776,3397.66845703125,142.621337890625,0.04381544495991164,9.8704776167621e-09
2026-07-11 14:35:14,google/gemma-3-4b-it,14,34,self_attn.q_proj,960,4624,4439040,3199.212646484375,3965.355224609375,766.142578125,0.2394784788585143,3498.216796875,299.004150390625,0.09346179308187019,2.1054505722379208e-08
2026-07-11 14:36:59,google/gemma-3-4b-it,14,34,self_attn.k_proj,608,3600,2188800,3425.020751953125,3818.15673828125,393.135986328125,0.11478353411550526,3661.076171875,236.055419921875,0.06892087289902227,3.148797190196558e-08
2026-07-11 14:40:55,google/gemma-3-4b-it,15,34,mlp.gate_proj,1856,12816,23786496,21462.66796875,25772.9296875,4310.26171875,0.20082599819490346,21580.916015625,118.248046875,0.005509475664776211,2.3162199530255366e-10
2026-07-11 14:43:25,google/gemma-3-4b-it,15,34,mlp.up_proj,2112,12816,27067392,19222.45703125,25027.470703125,5805.013671875,0.3019912419332125,20207.470703125,985.013671875,0.0512428598630061,1.8931583753250443e-09
2026-07-11 14:45:26,google/gemma-3-4b-it,15,34,mlp.down_proj,1792,12816,22966272,18201.888671875,21618.65625,3416.767578125,0.18771500253182433,19039.193359375,837.3046875,0.046000978392631175,2.0029797780254093e-09
2026-07-11 14:47:08,google/gemma-3-4b-it,15,34,self_attn.v_proj,768,3600,2764800,18887.8984375,20221.841796875,1333.943359375,0.07062423401888858,19340.8984375,453.0,0.02398361053766652,8.674627653959245e-09
2026-07-11 14:48:41,google/gemma-3-4b-it,15,34,self_attn.o_proj,960,4624,4439040,18694.4609375,20660.171875,1965.7109375,0.10514937788641439,19230.248046875,535.787109375,0.028660206419765882,6.45639742371456e-09
2026-07-11 14:50:27,google/gemma-3-4b-it,15,34,self_attn.q_proj,960,4624,4439040,18503.583984375,20095.623046875,1592.0390625,0.0860394972046695,19116.8984375,613.314453125,0.033145711319650384,7.466864754462763e-09
2026-07-11 14:52:12,google/gemma-3-4b-it,15,34,self_attn.k_proj,608,3600,2188800,18883.04296875,20016.318359375,1133.275390625,0.06001550663738279,19537.17578125,654.1328125,0.03464128178824462,1.5826609004132228e-08
2026-07-11 14:56:07,google/gemma-3-4b-it,16,34,mlp.gate_proj,1792,12816,22966272,25284.109375,27014.904296875,1730.794921875,0.06845386152246069,25680.826171875,396.716796875,0.015690360731759015,6.831914527424831e-10
2026-07-11 14:58:20,google/gemma-3-4b-it,16,34,mlp.up_proj,1792,12816,22966272,24032.521484375,27533.015625,3500.494140625,0.14565654889358504,25317.154296875,1284.6328125,0.053453933801129346,2.32749720116218e-09
2026-07-11 15:00:20,google/gemma-3-4b-it,16,34,mlp.down_proj,1792,12816,22966272,23909.9296875,26646.98828125,2737.05859375,0.11447371989474822,25522.748046875,1612.818359375,0.06745391477324895,2.9370859481786577e-09
2026-07-11 15:01:51,google/gemma-3-4b-it,16,34,self_attn.v_proj,608,3600,2188800,25310.484375,26828.28515625,1517.80078125,0.05996727517191184,26204.630859375,894.146484375,0.035327118640928815,1.6139948209488676e-08
2026-07-11 15:03:24,google/gemma-3-4b-it,16,34,self_attn.o_proj,960,4624,4439040,25577.998046875,27586.6875,2008.689453125,0.07853192612822223,26229.78125,651.783203125,0.025482182066419848,5.740471378140284e-09
2026-07-11 15:05:12,google/gemma-3-4b-it,16,34,self_attn.q_proj,960,4624,4439040,25683.74609375,27035.509765625,1351.763671875,0.05263109465966666,26293.388671875,609.642578125,0.023736513197868483,5.34721768622686e-09
2026-07-11 15:06:51,google/gemma-3-4b-it,16,34,self_attn.k_proj,608,3600,2188800,26160.181640625,26748.326171875,588.14453125,0.022482433009434886,26500.0,339.818359375,0.012989908252291528,5.934716855030851e-09
2026-07-11 15:10:57,google/gemma-3-4b-it,17,34,mlp.gate_proj,2208,12816,28297728,32165.029296875,33936.20703125,1771.177734375,0.05506532321259471,32505.806640625,340.77734375,0.010594653609816805,3.7439944329865655e-10
2026-07-11 15:13:29,google/gemma-3-4b-it,17,34,mlp.up_proj,2208,12816,28297728,31174.166015625,34365.640625,3191.474609375,0.10237562114012548,32311.041015625,1136.875,0.03646849764738469,1.2887429565859384e-09
2026-07-11 15:15:43,google/gemma-3-4b-it,17,34,mlp.down_proj,2208,12816,28297728,31052.591796875,34037.24609375,2984.654296875,0.09611610896760517,33036.30859375,1983.716796875,0.06388248716407088,2.2575129411121235e-09
2026-07-11 15:17:18,google/gemma-3-4b-it,17,34,self_attn.v_proj,768,3600,2764800,32780.23828125,34774.015625,1993.77734375,0.06082253968514996,33590.3515625,810.11328125,0.02471346529879795,8.938608687354581e-09
2026-07-11 15:18:56,google/gemma-3-4b-it,17,34,self_attn.o_proj,960,4624,4439040,33165.55078125,35327.74609375,2162.1953125,0.06519401190594391,33916.65625,751.10546875,0.022647158001507826,5.101814356596882e-09
2026-07-11 15:20:46,google/gemma-3-4b-it,17,34,self_attn.q_proj,960,4624,4439040,33595.23046875,34472.10546875,876.875,0.026101175308669535,33934.82421875,339.59375,0.01010839173482936,2.277157163447358e-09
2026-07-11 15:22:33,google/gemma-3-4b-it,17,34,self_attn.k_proj,608,3600,2188800,33822.1875,34388.01953125,565.83203125,0.016729610739991314,34121.39453125,299.20703125,0.008846471898069868,4.041699514834552e-09
2026-07-11 15:26:27,google/gemma-3-4b-it,18,34,mlp.gate_proj,1792,12816,22966272,43452.48046875,46852.234375,3399.75390625,0.07824073262503445,44204.58203125,752.1015625,0.017308599057788972,7.53652968047621e-10
2026-07-11 15:28:43,google/gemma-3-4b-it,18,34,mlp.up_proj,1792,12816,22966272,42503.1015625,47245.7109375,4742.609375,0.11158266575031198,44398.73046875,1895.62890625,0.04459977828823889,1.9419685653918447e-09
2026-07-11 15:30:48,google/gemma-3-4b-it,18,34,mlp.down_proj,1792,12816,22966272,42516.2578125,47676.21484375,5159.95703125,0.12136432735933185,45757.171875,3240.9140625,0.07622764159519126,3.3191125488364527e-09
2026-07-11 15:32:31,google/gemma-3-4b-it,18,34,self_attn.v_proj,608,3600,2188800,45555.2578125,48762.65234375,3207.39453125,0.07040668158330379,47048.91796875,1493.66015625,0.03278787626222481,1.497984112857493e-08
2026-07-11 15:34:08,google/gemma-3-4b-it,18,34,self_attn.o_proj,960,4624,4439040,46310.625,48923.14453125,2612.51953125,0.05641296206324143,47507.8984375,1197.2734375,0.02585310471409099,5.824030581858012e-09
2026-07-11 15:35:59,google/gemma-3-4b-it,18,34,self_attn.q_proj,960,4624,4439040,46962.17578125,48632.31640625,1670.140625,0.035563527396590855,47561.6875,599.51171875,0.012765842058564918,2.8758114499001852e-09
2026-07-11 15:37:47,google/gemma-3-4b-it,18,34,self_attn.k_proj,608,3600,2188800,47306.7578125,48220.55859375,913.80078125,0.019316495644699283,47826.51171875,519.75390625,0.010986884967049337,5.019592912577365e-09
2026-07-11 15:41:59,google/gemma-3-4b-it,19,34,mlp.gate_proj,2112,12816,27067392,111221.578125,118159.453125,6937.875,0.062378857744696294,113720.5859375,2499.0078125,0.02246873182910072,8.301033150552783e-10
2026-07-11 15:44:36,google/gemma-3-4b-it,19,34,mlp.up_proj,2176,12816,27887616,108101.953125,119448.4921875,11346.5390625,0.1049614621613711,113408.4609375,5306.5078125,0.04908799202142075,1.760207542352159e-09
2026-07-11 15:46:57,google/gemma-3-4b-it,19,34,mlp.down_proj,2208,12816,28297728,108572.875,122261.3671875,13688.4921875,0.1260765378783605,118525.5546875,9952.6796875,0.09166819693685002,3.2394189716167325e-09
2026-07-11 15:48:33,google/gemma-3-4b-it,19,34,self_attn.v_proj,672,3600,2419200,117077.8125,124926.6171875,7848.8046875,0.0670392153722551,121071.5390625,3993.7265625,0.03411172857794896,1.4100416905567527e-08
2026-07-11 15:50:15,google/gemma-3-4b-it,19,34,self_attn.o_proj,960,4624,4439040,118862.8515625,125457.3125,6594.4609375,0.055479578781874726,122123.3359375,3260.484375,0.027430642392804995,6.179408699359545e-09
2026-07-11 15:52:10,google/gemma-3-4b-it,19,34,self_attn.q_proj,960,4624,4439040,121342.578125,125731.1796875,4388.6015625,0.0361670374102248,122802.265625,1459.6875,0.012029474917669177,2.709927127863046e-09
2026-07-11 15:54:00,google/gemma-3-4b-it,19,34,self_attn.k_proj,608,3600,2188800,122281.6796875,125076.9609375,2795.28125,0.022859362556546088,123905.2890625,1623.609375,0.013277617539677697,6.066162984136374e-09
2026-07-11 15:58:10,google/gemma-3-4b-it,20,34,mlp.gate_proj,2208,12816,28297728,266298.4375,285426.21875,19127.78125,0.07182836455809095,274285.65625,7987.21875,0.029993487100351462,1.0599256272571233e-09
2026-07-11 16:00:43,google/gemma-3-4b-it,20,34,mlp.up_proj,2208,12816,28297728,262452.65625,294248.8125,31796.15625,0.12115006456521622,277723.5625,15270.90625,0.05818537510039013,2.056185397654191e-09
2026-07-11 16:03:02,google/gemma-3-4b-it,20,34,mlp.down_proj,2208,12816,28297728,266248.84375,305880.03125,39631.1875,0.14885017693151953,296014.5,29765.65625,0.11179637751947984,3.950719206838084e-09
2026-07-11 16:04:48,google/gemma-3-4b-it,20,34,self_attn.v_proj,800,3600,2880000,292584.875,306210.96875,13626.09375,0.046571422224064046,300352.53125,7767.65625,0.026548386173413784,9.218189643546453e-09
2026-07-11 16:06:26,google/gemma-3-4b-it,20,34,self_attn.o_proj,960,4624,4439040,295680.875,315542.6875,19861.8125,0.06717313894583138,307229.375,11548.5,0.03905731136651973,8.798594147950847e-09
2026-07-11 16:08:14,google/gemma-3-4b-it,20,34,self_attn.q_proj,960,4624,4439040,305469.21875,318663.71875,13194.5,0.04319420481707701,308872.5,3403.28125,0.011141159374179989,2.509812791545016e-09
2026-07-11 16:10:01,google/gemma-3-4b-it,20,34,self_attn.k_proj,608,3600,2188800,307926.09375,312771.53125,4845.4375,0.01573571580437067,310799.09375,2873.0,0.00933016090001304,4.26268315972818e-09
2026-07-11 16:14:08,google/gemma-3-4b-it,21,34,mlp.gate_proj,2208,12816,28297728,584035.375,642114.8125,58079.4375,0.09944506786082949,607823.1875,23787.8125,0.04073008848136982,1.4393412955757373e-09
2026-07-11 16:16:37,google/gemma-3-4b-it,21,34,mlp.up_proj,2208,12816,28297728,583252.125,676415.1875,93163.0625,0.15973034388858848,629009.25,45757.125,0.07845170731268232,2.7723677078485706e-09
2026-07-11 16:18:53,google/gemma-3-4b-it,21,34,mlp.down_proj,2208,12816,28297728,602290.0625,712617.5,110327.4375,0.1831799067745701,686469.3125,84179.25,0.1397652978875108,4.939099629748042e-09
2026-07-11 16:20:34,google/gemma-3-4b-it,21,34,self_attn.v_proj,768,3600,2764800,676360.4375,715205.0,38844.5625,0.057431748438124756,698444.6875,22084.25,0.03265159931829987,1.1809750910843413e-08
2026-07-11 16:22:11,google/gemma-3-4b-it,21,34,self_attn.o_proj,960,4624,4439040,687167.125,732545.6875,45378.5625,0.06603715580834867,711567.8125,24400.6875,0.035509101952454436,7.9992750577725e-09
2026-07-11 16:23:56,google/gemma-3-4b-it,21,34,self_attn.q_proj,960,4624,4439040,708417.1875,730363.5,21946.3125,0.030979362001998294,713616.9375,5199.75,0.007339954608314751,1.6535004434100056e-09
2026-07-11 16:25:37,google/gemma-3-4b-it,21,34,self_attn.k_proj,608,3600,2188800,712381.9375,723615.25,11233.3125,0.015768665527121115,717478.6875,5096.75,0.007154518849658509,3.268694649880532e-09
2026-07-11 16:29:44,google/gemma-3-4b-it,22,34,mlp.gate_proj,2208,12816,28297728,748841.25,834719.5,85878.25,0.11468151627597972,785225.75,36384.5,0.04858773471680413,1.7170189322903991e-09
2026-07-11 16:32:18,google/gemma-3-4b-it,22,34,mlp.up_proj,2208,12816,28297728,750825.0625,879621.125,128796.0625,0.17153937572508776,815887.75,65062.6875,0.0866549223641559,3.062257237194304e-09
2026-07-11 16:34:44,google/gemma-3-4b-it,22,34,mlp.down_proj,2208,12816,28297728,778701.375,933065.3125,154363.9375,0.19823252206277406,898595.9375,119894.5625,0.15396731834459648,5.44097810059509e-09
2026-07-11 16:36:39,google/gemma-3-4b-it,22,34,self_attn.v_proj,768,3600,2764800,886598.3125,955009.9375,68411.625,0.07716191654718495,917417.125,30818.8125,0.0347607389564031,1.2572605235967558e-08
2026-07-11 16:38:20,google/gemma-3-4b-it,22,34,self_attn.o_proj,960,4624,4439040,903517.4375,955710.4375,52193.0,0.057766455669539855,934129.6875,30612.25,0.03388119446228175,7.63254993473403e-09
2026-07-11 16:40:14,google/gemma-3-4b-it,22,34,self_attn.q_proj,960,4624,4439040,931221.125,956961.1875,25740.0625,0.02764119263295278,940503.1875,9282.0625,0.009967624499497904,2.2454459746922544e-09
2026-07-11 16:42:03,google/gemma-3-4b-it,22,34,self_attn.k_proj,608,3600,2188800,938609.3125,953108.125,14498.8125,0.015447121935517767,946835.8125,8226.5,0.00876456251865709,4.0042774664917254e-09
2026-07-11 16:46:14,google/gemma-3-4b-it,23,34,mlp.gate_proj,2208,12816,28297728,661147.6875,748580.625,87432.9375,0.1322441856079244,697053.1875,35905.5,0.054307835720895564,1.919158871019453e-09
2026-07-11 16:48:47,google/gemma-3-4b-it,23,34,mlp.up_proj,2208,12816,28297728,668150.4375,781895.1875,113744.75,0.17023823321226217,728158.3125,60007.875,0.08981192203439962,3.17382095249483e-09
2026-07-11 16:51:05,google/gemma-3-4b-it,23,34,mlp.down_proj,2208,12816,28297728,695312.4375,861012.8125,165700.375,0.23831067310657736,826905.4375,131593.0,0.18925736532650475,6.6880763475606506e-09
2026-07-11 16:52:51,google/gemma-3-4b-it,23,34,self_attn.v_proj,768,3600,2764800,814939.25,858217.8125,43278.5625,0.053106489226037404,841100.125,26160.875,0.03210162598009606,1.1610831155995392e-08
2026-07-11 16:54:29,google/gemma-3-4b-it,23,34,self_attn.o_proj,960,4624,4439040,828589.3125,880872.3125,52283.0,0.06309881048580385,858567.0,29977.6875,0.03617918677897502,8.1502277021552e-09
2026-07-11 16:56:21,google/gemma-3-4b-it,23,34,self_attn.q_proj,960,4624,4439040,855732.9375,883053.625,27320.6875,0.03192665176569764,862919.4375,7186.5,0.00839806402800757,1.8918649140371727e-09
2026-07-11 16:58:08,google/gemma-3-4b-it,23,34,self_attn.k_proj,608,3600,2188800,861083.125,870733.6875,9650.5625,0.011207469081454825,866281.0,5197.875,0.006036438119722762,2.7578756029435134e-09
2026-07-11 17:02:00,google/gemma-3-4b-it,24,34,mlp.gate_proj,1792,12816,22966272,276457.625,327560.6875,51103.0625,0.1848495316416033,296859.46875,20401.84375,0.07379736315827787,3.2132930916379405e-09
2026-07-11 17:04:14,google/gemma-3-4b-it,24,34,mlp.up_proj,1824,12816,23376384,282511.125,339585.90625,57074.78125,0.2020266679763496,312070.8125,29559.6875,0.10463194148549017,4.4759677752337645e-09
2026-07-11 17:06:26,google/gemma-3-4b-it,24,34,mlp.down_proj,2208,12816,28297728,297272.46875,352907.28125,55634.8125,0.18715090816831653,340978.9375,43706.46875,0.1470249462850737,5.195644904250748e-09
2026-07-11 17:07:51,google/gemma-3-4b-it,24,34,self_attn.v_proj,608,3600,2188800,336481.46875,367107.71875,30626.25,0.0910191283751046,356143.03125,19661.5625,0.0584328241702018,2.6696282972497168e-08
2026-07-11 17:09:18,google/gemma-3-4b-it,24,34,self_attn.o_proj,960,4624,4439040,349339.96875,377500.46875,28160.5,0.08061058716173598,367396.53125,18056.5625,0.05168765132890337,1.1643880507700623e-08
2026-07-11 17:10:59,google/gemma-3-4b-it,24,34,self_attn.q_proj,960,4624,4439040,365959.96875,374842.40625,8882.4375,0.024271609625335557,370854.40625,4894.4375,0.01337424286245789,3.0128682918959705e-09
2026-07-11 17:12:35,google/gemma-3-4b-it,24,34,self_attn.k_proj,608,3600,2188800,370075.28125,375267.1875,5191.90625,0.014029324607856391,373313.78125,3238.5,0.008750922215235093,3.998045602720711e-09
2026-07-11 17:16:36,google/gemma-3-4b-it,25,34,mlp.gate_proj,2208,12816,28297728,1311440.875,1456952.375,145511.5,0.11095544051881104,1378602.0,67161.125,0.0512117063607614,1.8097462227625272e-09
2026-07-11 17:19:08,google/gemma-3-4b-it,25,34,mlp.up_proj,2208,12816,28297728,1322788.75,1492249.25,169460.5,0.12810851316961985,1412230.0,89441.25,0.067615671814566,2.3894381843858983e-09
2026-07-11 17:21:22,google/gemma-3-4b-it,25,34,mlp.down_proj,2208,12816,28297728,1362451.125,1614370.125,251919.0,0.18490131159750775,1560170.875,197719.75,0.14512061854695887,5.1283487687406875e-09
2026-07-11 17:22:56,google/gemma-3-4b-it,25,34,self_attn.v_proj,768,3600,2764800,1541416.375,1639444.25,98027.875,0.06359597354089351,1598724.125,57307.75,0.03717863059551317,1.3447132015159567e-08
2026-07-11 17:24:29,google/gemma-3-4b-it,25,34,self_attn.o_proj,960,4624,4439040,1575145.875,1671982.75,96836.875,0.06147803612157509,1632337.375,57191.5,0.036308700614792265,8.179403793340962e-09
2026-07-11 17:26:13,google/gemma-3-4b-it,25,34,self_attn.q_proj,960,4624,4439040,1628396.625,1652841.125,24444.5,0.015011391957410867,1638413.375,10016.75,0.006151296217529314,1.3857266926023e-09
2026-07-11 17:27:52,google/gemma-3-4b-it,25,34,self_attn.k_proj,608,3600,2188800,1636253.0,1652330.375,16077.375,0.009825726828308337,1643872.875,7619.875,0.004656905136308382,2.1276065132987858e-09
2026-07-11 17:31:53,google/gemma-3-4b-it,26,34,mlp.gate_proj,2112,12816,27067392,1026321.625,1163698.75,137377.125,0.1338538735359883,1088272.375,61950.75,0.060361926019048856,2.230060658191556e-09
2026-07-11 17:34:22,google/gemma-3-4b-it,26,34,mlp.up_proj,2208,12816,28297728,1042417.0,1185443.75,143026.75,0.13720684716385093,1116200.375,73783.375,0.07078105499046927,2.5012981604201326e-09
2026-07-11 17:36:38,google/gemma-3-4b-it,26,34,mlp.down_proj,2208,12816,28297728,1076557.0,1267982.375,191425.375,0.1778125775040244,1225585.875,149028.875,0.13843101201329794,4.891947933533672e-09
2026-07-11 17:38:35,google/gemma-3-4b-it,26,34,self_attn.v_proj,768,3600,2764800,1211686.0,1258859.25,47173.25,0.03893190975219653,1240945.375,29259.375,0.024147654590380676,8.7339607170069e-09
2026-07-11 17:40:17,google/gemma-3-4b-it,26,34,self_attn.o_proj,960,4624,4439040,1226962.5,1269027.875,42065.375,0.034284157013763666,1250871.125,23908.625,0.019486027486577625,4.3896940524477424e-09
2026-07-11 17:42:10,google/gemma-3-4b-it,26,34,self_attn.q_proj,960,4624,4439040,1247516.375,1265568.625,18052.25,0.014470551538852546,1255566.25,8049.875,0.00645272091117842,1.4536298188748965e-09
2026-07-11 17:43:57,google/gemma-3-4b-it,26,34,self_attn.k_proj,608,3600,2188800,1254185.375,1267256.0,13070.625,0.010421605338843948,1260715.875,6530.5,0.005206965517358229,2.3789133394363256e-09
2026-07-11 17:47:59,google/gemma-3-4b-it,27,34,mlp.gate_proj,1888,12816,24196608,1661338.25,1884627.375,223289.125,0.13440316865033355,1769261.625,107923.375,0.06496171083763345,2.6847445244239793e-09
2026-07-11 17:50:28,google/gemma-3-4b-it,27,34,mlp.up_proj,1920,12816,24606720,1694733.625,1934627.375,239893.75,0.1415524814408518,1826181.0,131447.375,0.07756226291904723,3.152076462000918e-09
2026-07-11 17:52:50,google/gemma-3-4b-it,27,34,mlp.down_proj,2208,12816,28297728,1761314.375,2017750.375,256436.0,0.14559354289037696,1959559.625,198245.25,0.11255528985278394,3.977538050149607e-09
2026-07-11 17:54:27,google/gemma-3-4b-it,27,34,self_attn.v_proj,608,3600,2188800,1942763.0,2085805.875,143042.875,0.07362857692883795,2013223.625,70460.625,0.036268255572089854,1.656992670508491e-08
2026-07-11 17:56:04,google/gemma-3-4b-it,27,34,self_attn.o_proj,960,4624,4439040,1983707.375,2063446.375,79739.0,0.040196956973051534,2029828.0,46120.625,0.02324971191882573,5.237554047457498e-09
2026-07-11 17:57:55,google/gemma-3-4b-it,27,34,self_attn.q_proj,960,4624,4439040,2026204.0,2047634.25,21430.25,0.010576551028425567,2036881.25,10677.25,0.005269582924522901,1.1870996712178536e-09
2026-07-11 17:59:42,google/gemma-3-4b-it,27,34,self_attn.k_proj,608,3600,2188800,2034711.625,2048516.625,13805.0,0.006784745233860842,2042259.875,7548.25,0.003709739457550895,1.6948736556793196e-09
2026-07-11 18:03:41,google/gemma-3-4b-it,28,34,mlp.gate_proj,1792,12816,22966272,672996.25,765597.625,92601.375,0.13759567753906504,718505.5,45509.25,0.06762184781861712,2.9443981077389104e-09
2026-07-11 18:06:07,google/gemma-3-4b-it,28,34,mlp.up_proj,1984,12816,25426944,689174.6875,773920.875,84746.1875,0.122967643816721,738363.6875,49189.0,0.07137377633301427,2.807013549603691e-09
2026-07-11 18:08:24,google/gemma-3-4b-it,28,34,mlp.down_proj,2208,12816,28297728,716380.8125,805382.25,89001.4375,0.12423760651741353,787038.8125,70658.0,0.09863189907811776,3.4855059416119116e-09
2026-07-11 18:10:03,google/gemma-3-4b-it,28,34,self_attn.v_proj,704,3600,2534400,780654.5,820314.4375,39659.9375,0.050803444417472775,803475.0625,22820.5625,0.029232602258745705,1.1534328542750042e-08
2026-07-11 18:11:42,google/gemma-3-4b-it,28,34,self_attn.o_proj,960,4624,4439040,795627.5,820963.0,25335.5,0.03184341918799941,810905.0,15277.5,0.019201824974626944,4.325670634782958e-09
2026-07-11 18:13:31,google/gemma-3-4b-it,28,34,self_attn.q_proj,960,4624,4439040,809812.4375,817301.1875,7488.75,0.009247511711623965,812869.875,3057.4375,0.003775488444507868,8.505191312779042e-10
2026-07-11 18:15:22,google/gemma-3-4b-it,28,34,self_attn.k_proj,768,3600,2764800,811989.375,817174.625,5185.25,0.0063858594208822,814839.1875,2849.8125,0.00350966722932797,1.2694108902372576e-09
2026-07-11 18:19:23,google/gemma-3-4b-it,29,34,mlp.gate_proj,1792,12816,22966272,1248842.625,1395946.375,147103.75,0.11779206367175368,1326923.625,78081.0,0.06252268975844735,2.7223699936344634e-09
2026-07-11 18:21:45,google/gemma-3-4b-it,29,34,mlp.up_proj,1792,12816,22966272,1270616.75,1428559.25,157942.5,0.12430380758005906,1361038.75,90422.0,0.07116386589425962,3.0986250573998086e-09
2026-07-11 18:24:07,google/gemma-3-4b-it,29,34,mlp.down_proj,2208,12816,28297728,1315906.625,1458226.875,142320.25,0.10815376052993121,1426813.625,110907.0,0.08428181596851525,2.97839515485184e-09
2026-07-11 18:25:47,google/gemma-3-4b-it,29,34,self_attn.v_proj,704,3600,2534400,1417639.875,1480183.125,62543.25,0.04411786879231229,1455188.75,37548.875,0.026486892519159706,1.0450951909390667e-08
2026-07-11 18:27:25,google/gemma-3-4b-it,29,34,self_attn.o_proj,960,4624,4439040,1441489.75,1475925.625,34435.875,0.023889087660873064,1461020.25,19530.5,0.01354883029865457,3.052198290318305e-09
2026-07-11 18:29:17,google/gemma-3-4b-it,29,34,self_attn.q_proj,960,4624,4439040,1457519.875,1526308.875,68789.0,0.04719592588746002,1472567.375,15047.5,0.01032404446628901,2.3257381024476035e-09
2026-07-11 18:31:05,google/gemma-3-4b-it,29,34,self_attn.k_proj,608,3600,2188800,1466851.75,1511546.875,44695.125,0.03047010374429454,1488952.75,22101.0,0.015066962288452121,6.8836633262299535e-09
2026-07-11 18:35:01,google/gemma-3-4b-it,30,34,mlp.gate_proj,1792,12816,22966272,823064.6875,907912.3125,84847.625,0.10308743199482726,868610.4375,45545.75,0.05533678056136991,2.4094803266881937e-09
2026-07-11 18:37:21,google/gemma-3-4b-it,30,34,mlp.up_proj,1792,12816,22966272,832220.125,921942.6875,89722.5625,0.10781109445052173,881128.0,48907.875,0.05876795517291774,2.5588809177613913e-09
2026-07-11 18:39:39,google/gemma-3-4b-it,30,34,mlp.down_proj,2208,12816,28297728,858554.625,932843.5,74288.875,0.0865278374104618,914630.3125,56075.6875,0.06531405907923447,2.3081025826255195e-09
2026-07-11 18:41:19,google/gemma-3-4b-it,30,34,self_attn.v_proj,608,3600,2188800,909870.4375,1030259.6875,120389.25,0.13231471761054991,968082.4375,58212.0,0.06397833977323832,2.9229870144937097e-08
2026-07-11 18:42:57,google/gemma-3-4b-it,30,34,self_attn.o_proj,960,4624,4439040,942831.0,1062035.125,119204.125,0.1264321230421995,1009161.125,66330.125,0.07035208324715671,1.5848490495052242e-08
2026-07-11 18:44:48,google/gemma-3-4b-it,30,34,self_attn.q_proj,1120,4624,5178880,1007791.9375,1018744.4375,10952.5,0.010867818636423651,1013373.0,5581.0625,0.005537911440177601,1.0693260782597013e-09
2026-07-11 18:46:38,google/gemma-3-4b-it,30,34,self_attn.k_proj,608,3600,2188800,1012098.4375,1025550.3125,13451.875,0.013291073774629753,1019008.0,6909.5625,0.006826966868032538,3.119045535468082e-09
2026-07-11 18:50:53,google/gemma-3-4b-it,31,34,mlp.gate_proj,2208,12816,28297728,537351.0,574661.6875,37310.6875,0.0694344804420202,555061.8125,17710.8125,0.03295948551319342,1.1647396396344407e-09
2026-07-11 18:53:28,google/gemma-3-4b-it,31,34,mlp.up_proj,2208,12816,28297728,536209.75,578706.4375,42496.6875,0.07925385075523152,558088.75,21879.0,0.040803062607496415,1.4419200936377796e-09
2026-07-11 18:55:49,google/gemma-3-4b-it,31,34,mlp.down_proj,2208,12816,28297728,545612.125,599403.25,53791.125,0.09858858066983024,585929.8125,40317.6875,0.07389441262875161,2.611319630634361e-09
2026-07-11 18:57:30,google/gemma-3-4b-it,31,34,self_attn.v_proj,768,3600,2764800,583463.1875,602993.9375,19530.75,0.03347383419969405,591950.3125,8487.125,0.014546119072850677,5.261183113733607e-09
2026-07-11 18:59:14,google/gemma-3-4b-it,31,34,self_attn.o_proj,960,4624,4439040,587704.5625,619452.1875,31747.625,0.0540197014379993,605666.375,17961.8125,0.03056265621555388,6.8849697717420615e-09
2026-07-11 19:01:16,google/gemma-3-4b-it,31,34,self_attn.q_proj,960,4624,4439040,604506.375,609428.0,4921.625,0.00814156012829476,605984.125,1477.75,0.00244455651935846,5.506948618076116e-10
2026-07-11 19:03:10,google/gemma-3-4b-it,31,34,self_attn.k_proj,608,3600,2188800,605638.5,608495.4375,2856.9375,0.004717232309372671,607003.0625,1364.5625,0.002253097350977522,1.0293756172229176e-09
2026-07-11 19:07:06,google/gemma-3-4b-it,32,34,mlp.gate_proj,1792,12816,22966272,32578.73828125,35211.42578125,2632.6875,0.08080998954815839,33730.51171875,1151.7734375,0.035353531114582136,1.5393674304032511e-09
2026-07-11 19:09:24,google/gemma-3-4b-it,32,34,mlp.up_proj,1792,12816,22966272,32669.130859375,35337.015625,2667.884765625,0.08166378154071405,33945.8671875,1276.736328125,0.0390808171059322,1.7016613364995502e-09
2026-07-11 19:11:42,google/gemma-3-4b-it,32,34,mlp.down_proj,2208,12816,28297728,33244.54296875,36100.15234375,2855.609375,0.08589708625816525,35161.5703125,1917.02734375,0.05766442166318885,2.03777567100754e-09
2026-07-11 19:13:26,google/gemma-3-4b-it,32,34,self_attn.v_proj,768,3600,2764800,34935.7109375,37241.27734375,2305.56640625,0.06599454667960412,36213.1328125,1277.421875,0.036564931433206216,1.3225163278792757e-08
2026-07-11 19:15:03,google/gemma-3-4b-it,32,34,self_attn.o_proj,960,4624,4439040,35844.37109375,38286.625,2442.25390625,0.06813493532533602,37159.85546875,1315.484375,0.03669988717501517,8.267527928339274e-09
2026-07-11 19:16:51,google/gemma-3-4b-it,32,34,self_attn.q_proj,960,4624,4439040,37106.44921875,37338.12109375,231.671875,0.0062434396143443305,37162.51171875,56.0625,0.0015108559611699912,3.4035646472435284e-10
2026-07-11 19:18:34,google/gemma-3-4b-it,32,34,self_attn.k_proj,608,3600,2188800,37145.8515625,37340.05859375,194.20703125,0.0052282293467747175,37217.85546875,72.00390625,0.001938410434038626,8.856041822179395e-10
2026-07-11 19:22:47,google/gemma-3-4b-it,33,34,mlp.gate_proj,2208,12816,28297728,55282.58984375,58494.1640625,3211.57421875,0.05809377288269511,56636.3828125,1353.79296875,0.024488595280654234,8.653908639115562e-10
2026-07-11 19:25:20,google/gemma-3-4b-it,33,34,mlp.up_proj,2208,12816,28297728,54762.0078125,58389.29296875,3627.28515625,0.0662372564692932,56431.77734375,1669.76953125,0.030491386235638674,1.0775206488534582e-09
2026-07-11 19:27:39,google/gemma-3-4b-it,33,34,mlp.down_proj,2208,12816,28297728,55143.4375,60117.68359375,4974.24609375,0.09020558600014734,58641.30859375,3497.87109375,0.06343222788296432,2.2416014417469955e-09
2026-07-11 19:29:17,google/gemma-3-4b-it,33,34,self_attn.v_proj,768,3600,2764800,58289.4453125,60436.10546875,2146.66015625,0.03682759622675042,59432.35546875,1142.91015625,0.019607497551617743,7.091832158426556e-09
2026-07-11 19:30:59,google/gemma-3-4b-it,33,34,self_attn.o_proj,960,4624,4439040,58983.23828125,61024.70703125,2041.46875,0.034610998132480565,60176.7578125,1193.51953125,0.02023489326847292,4.5583939925012885e-09
2026-07-11 19:32:53,google/gemma-3-4b-it,33,34,self_attn.q_proj,960,4624,4439040,60027.94921875,60689.53125,661.58203125,0.011021233273172556,60185.73046875,157.78125,0.0026284631084934067,5.921242224655345e-10
2026-07-11 19:34:46,google/gemma-3-4b-it,33,34,self_attn.k_proj,608,3600,2188800,60090.89453125,60630.08203125,539.1875,0.008972865260303255,60342.90625,252.01171875,0.004193842024084737,1.9160462463837432e-09
2026-07-11 19:39:03,google/gemma-3-4b-it,34,34,mlp.gate_proj,2208,12816,28297728,928.8536987304688,981.3515625,52.49786376953125,0.05651898015939847,908.2392578125,-20.61444091796875,-0.022193420714310543,0.0
2026-07-11 19:41:39,google/gemma-3-4b-it,34,34,mlp.up_proj,2208,12816,28297728,858.5155639648438,904.3182983398438,45.802734375,0.05335108214401064,847.4464111328125,-11.06915283203125,-0.012893363028750557,0.0
2026-07-11 19:43:44,google/gemma-3-4b-it,34,34,mlp.down_proj,1792,12816,22966272,816.94970703125,884.67333984375,67.7236328125,0.08289816647172069,795.7039184570312,-21.24578857421875,-0.026006238072383635,0.0
2026-07-11 19:45:25,google/gemma-3-4b-it,34,34,self_attn.v_proj,704,3600,2534400,800.7138061523438,869.36474609375,68.65093994140625,0.08573717527276498,795.2611694335938,-5.45263671875,-0.006809719873510688,0.0
2026-07-11 19:47:05,google/gemma-3-4b-it,34,34,self_attn.o_proj,960,4624,4439040,781.2224731445312,798.9005737304688,17.6781005859375,0.02262876606042916,775.4065551757812,-5.81591796875,-0.007444637307142619,0.0
2026-07-11 19:48:56,google/gemma-3-4b-it,34,34,self_attn.q_proj,960,4624,4439040,761.9560546875,818.9602661132812,57.00421142578125,0.07481299095281854,760.8268432617188,-1.12921142578125,-0.001481990226121862,0.0
2026-07-11 19:50:44,google/gemma-3-4b-it,34,34,self_attn.k_proj,768,3600,2764800,750.3493041992188,810.5279541015625,60.17864990234375,0.08020084721284187,775.2125854492188,24.86328125,0.033135609123452675,1.1984812327637687e-08
